102,Abyei,345,20,8,,,,,,
102,Abyei,381,20,7,,,,,,
1,Afghanistan,420,23,6,2,4,625,AF,AFG,AFG
1,Afghanistan,455,22,5,2,4,625,AF,AFG,AFG
1,Afghanistan,456,23,5,2,4,625,AF,AFG,AFG
2,Aksai Chin,457,24,5,702,,,,,XXX
3,Albania,452,19,5,3,8,71,AL,ALB,ALB
3,Albania,488,19,4,3,8,71,AL,ALB,ALB
4,Algeria,379,18,7,4,12,130,DZ,DZA,DZA
4,Algeria,414,17,6,4,12,130,DZ,DZA,DZA
4,Algeria,415,18,6,4,12,130,DZ,DZA,DZA
4,Algeria,416,19,6,4,12,130,DZ,DZA,DZA
4,Algeria,450,17,5,4,12,130,DZ,DZA,DZA
4,Algeria,451,18,5,4,12,130,DZ,DZA,DZA
5,American Samoa,254,1,10,5,16,,AS,ASM,USA
7,Andorra,487,18,4,6,20,,AD,AND,AND
8,Angola,272,19,10,7,24,225,AO,AGO,AGO
8,Angola,273,20,10,7,24,225,AO,AGO,AGO
8,Angola,308,19,9,7,24,225,AO,AGO,AGO
8,Angola,309,20,9,7,24,225,AO,AGO,AGO
9,Anguilla,373,12,7,258,660,376,AI,AIA,GBR
10,Antarctica,16,15,17,480,,,AQ,ATA,ATA
10,Antarctica,17,16,17,480,,,AQ,ATA,ATA
10,Antarctica,18,17,17,480,,,AQ,ATA,ATA
10,Antarctica,19,18,17,480,,,AQ,ATA,ATA
10,Antarctica,20,19,17,480,,,AQ,ATA,ATA
10,Antarctica,21,20,17,480,,,AQ,ATA,ATA
10,Antarctica,51,14,16,480,,,AQ,ATA,ATA
10,Antarctica,52,15,16,480,,,AQ,ATA,ATA
10,Antarctica,53,16,16,480,,,AQ,ATA,ATA
10,Antarctica,54,17,16,480,,,AQ,ATA,ATA
10,Antarctica,55,18,16,480,,,AQ,ATA,ATA
10,Antarctica,56,19,16,480,,,AQ,ATA,ATA
10,Antarctica,57,20,16,480,,,AQ,ATA,ATA
10,Antarctica,58,21,16,480,,,AQ,ATA,ATA
10,Antarctica,59,22,16,480,,,AQ,ATA,ATA
10,Antarctica,60,23,16,480,,,AQ,ATA,ATA
10,Antarctica,87,14,15,480,,,AQ,ATA,ATA
10,Antarctica,88,15,15,480,,,AQ,ATA,ATA
10,Antarctica,91,18,15,480,,,AQ,ATA,ATA
10,Antarctica,92,19,15,480,,,AQ,ATA,ATA
10,Antarctica,93,20,15,480,,,AQ,ATA,ATA
10,Antarctica,94,21,15,480,,,AQ,ATA,ATA
10,Antarctica,95,22,15,480,,,AQ,ATA,ATA
10,Antarctica,96,23,15,480,,,AQ,ATA,ATA
10,Antarctica,97,24,15,480,,,AQ,ATA,ATA
11,Antigua and Barbuda,373,12,7,8,28,377,AG,ATG,ATG
12,Argentina,122,13,14,9,32,425,AR,ARG,ARG
12,Argentina,123,14,14,9,32,425,AR,ARG,ARG
12,Argentina,157,12,13,9,32,425,AR,ARG,ARG
12,Argentina,158,13,13,9,32,425,AR,ARG,ARG
12,Argentina,192,11,12,9,32,425,AR,ARG,ARG
12,Argentina,193,12,12,9,32,425,AR,ARG,ARG
12,Argentina,194,13,12,9,32,425,AR,ARG,ARG
12,Argentina,228,11,11,9,32,425,AR,ARG,ARG
12,Argentina,229,12,11,9,32,425,AR,ARG,ARG
12,Argentina,230,13,11,9,32,425,AR,ARG,ARG
13,Armenia,454,21,5,1,51,610,AM,ARM,ARM
13,Armenia,490,21,4,1,51,610,AM,ARM,ARM
14,Aruba,372,11,7,22,533,373,AW,ABW,NLD
15,Arunachal Pradesh,423,26,6,704,,,,,IND
16,Ashmore and Cartier Islands,283,30,10,10,,,,,AUS
17,Australia,173,28,13,10,36,801,AU,AUS,AUS
17,Australia,174,29,13,10,36,801,AU,AUS,AUS
17,Australia,208,27,12,10,36,801,AU,AUS,AUS
17,Australia,209,28,12,10,36,801,AU,AUS,AUS
17,Australia,210,29,12,10,36,801,AU,AUS,AUS
17,Australia,211,30,12,10,36,801,AU,AUS,AUS
17,Australia,212,31,12,10,36,801,AU,AUS,AUS
17,Australia,244,27,11,10,36,801,AU,AUS,AUS
17,Australia,245,28,11,10,36,801,AU,AUS,AUS
17,Australia,246,29,11,10,36,801,AU,AUS,AUS
17,Australia,247,30,11,10,36,801,AU,AUS,AUS
17,Australia,248,31,11,10,36,801,AU,AUS,AUS
17,Australia,249,32,11,10,36,801,AU,AUS,AUS
17,Australia,282,29,10,10,36,801,AU,AUS,AUS
17,Australia,283,30,10,10,36,801,AU,AUS,AUS
17,Australia,284,31,10,10,36,801,AU,AUS,AUS
17,Australia,285,32,10,10,36,801,AU,AUS,AUS
17,Australia,320,31,9,10,36,801,AU,AUS,AUS
17,Australia,321,32,9,10,36,801,AU,AUS,AUS
18,Austria,487,18,4,11,40,1,AT,AUT,AUT
18,Austria,488,19,4,11,40,1,AT,AUT,AUT
19,Azerbaijan,454,21,5,52,31,611,AZ,AZE,AZE
19,Azerbaijan,455,22,5,52,31,611,AZ,AZE,AZE
19,Azerbaijan,490,21,4,52,31,611,AZ,AZE,AZE
74578,Azores Islands,448,15,5,,,,,PRT,PRT
74578,Azores Islands,449,16,5,,,,,PRT,PRT
20,Bahamas,407,10,6,12,44,328,BS,BHS,BHS
20,Bahamas,408,11,6,12,44,328,BS,BHS,BHS
21,Bahrain,419,22,6,13,48,530,BH,BHR,BHR
22,Baker Island,325,0,8,232,,,,UMI,USA
23,Bangladesh,422,25,6,16,50,666,BD,BGD,BGD
23,Bangladesh,423,26,6,16,50,666,BD,BGD,BGD
24,Barbados,373,12,7,14,52,329,BB,BRB,BRB
25,Bassas da India,238,21,11,68,,,,,FRA
26,Belarus,524,19,3,57,112,86,BY,BLR,BLR
27,Belgium,487,18,4,255,56,2,BE,BEL,BEL
27,Belgium,523,18,3,255,56,2,BE,BEL,BEL
28,Belize,370,9,7,23,84,352,BZ,BLZ,BLZ
29,Benin,343,18,8,53,204,236,BJ,BEN,BEN
29,Benin,379,18,7,53,204,236,BJ,BEN,BEN
30,Bermuda,445,12,5,17,60,331,BM,BMU,GBR
31,Bhutan,422,25,6,18,64,630,BT,BTN,BTN
31,Bhutan,423,26,6,18,64,630,BT,BTN,BTN
32,Bird Island,372,11,7,236,,,,,VEN
33,Bolivia,228,11,11,19,68,428,BO,BOL,BOL
33,Bolivia,229,12,11,19,68,428,BO,BOL,BOL
33,Bolivia,264,11,10,19,68,428,BO,BOL,BOL
33,Bolivia,265,12,10,19,68,428,BO,BOL,BOL
33,Bolivia,300,11,9,19,68,428,BO,BOL,BOL
34,Bosnia and Herzegovina,488,19,4,80,70,64,BA,BIH,BIH
35,Botswana,236,19,11,20,72,227,BW,BWA,BWA
35,Botswana,237,20,11,20,72,227,BW,BWA,BWA
35,Botswana,272,19,10,20,72,227,BW,BWA,BWA
35,Botswana,273,20,10,20,72,227,BW,BWA,BWA
36,Bouvet Island,127,18,14,31,,,BV,BVT,NOR
37,Brazil,194,13,12,21,76,431,BR,BRA,BRA
37,Brazil,229,12,11,21,76,431,BR,BRA,BRA
37,Brazil,230,13,11,21,76,431,BR,BRA,BRA
37,Brazil,231,14,11,21,76,431,BR,BRA,BRA
37,Brazil,232,15,11,21,76,431,BR,BRA,BRA
37,Brazil,264,11,10,21,76,431,BR,BRA,BRA
37,Brazil,265,12,10,21,76,431,BR,BRA,BRA
37,Brazil,266,13,10,21,76,431,BR,BRA,BRA
37,Brazil,267,14,10,21,76,431,BR,BRA,BRA
37,Brazil,299,10,9,21,76,431,BR,BRA,BRA
37,Brazil,300,11,9,21,76,431,BR,BRA,BRA
37,Brazil,301,12,9,21,76,431,BR,BRA,BRA
37,Brazil,302,13,9,21,76,431,BR,BRA,BRA
37,Brazil,303,14,9,21,76,431,BR,BRA,BRA
37,Brazil,336,11,8,21,76,431,BR,BRA,BRA
37,Brazil,337,12,8,21,76,431,BR,BRA,BRA
37,Brazil,338,13,8,21,76,431,BR,BRA,BRA
38,British Indian Ocean Territory,314,25,9,24,,,IO,IOT,GBR
39,British Virgin Islands,372,11,7,239,92,388,VG,VGB,GBR
40,Brunei Darussalam,354,29,8,26,96,725,BN,BRN,BRN
41,Bulgaria,488,19,4,27,100,72,BG,BGR,BGR
41,Bulgaria,489,20,4,27,100,72,BG,BGR,BGR
42,Burkina Faso,342,17,8,233,854,287,BF,BFA,BFA
42,Burkina Faso,378,17,7,233,854,287,BF,BFA,BFA
42,Burkina Faso,379,18,7,233,854,287,BF,BFA,BFA
43,Burundi,309,20,9,29,108,228,BI,BDI,BDI
43,Burundi,310,21,9,29,108,228,BI,BDI,BDI
66,C?te d'Ivoire,342,17,8,107,384,247,CI,CIV,CIV
66,C?te d'Ivoire,378,17,7,107,384,247,CI,CIV,CIV
44,Cambodia,388,27,7,115,116,728,KH,KHM,KHM
44,Cambodia,389,28,7,115,116,728,KH,KHM,KHM
45,Cameroon,343,18,8,32,120,229,CM,CMR,CMR
45,Cameroon,344,19,8,32,120,229,CM,CMR,CMR
45,Cameroon,380,19,7,32,120,229,CM,CMR,CMR
46,Canada,478,9,4,33,124,301,CA,CAN,CAN
46,Canada,479,10,4,33,124,301,CA,CAN,CAN
46,Canada,480,11,4,33,124,301,CA,CAN,CAN
46,Canada,481,12,4,33,124,301,CA,CAN,CAN
46,Canada,482,13,4,33,124,301,CA,CAN,CAN
46,Canada,483,14,4,33,124,301,CA,CAN,CAN
46,Canada,514,9,3,33,124,301,CA,CAN,CAN
46,Canada,515,10,3,33,124,301,CA,CAN,CAN
46,Canada,516,11,3,33,124,301,CA,CAN,CAN
46,Canada,517,12,3,33,124,301,CA,CAN,CAN
46,Canada,518,13,3,33,124,301,CA,CAN,CAN
46,Canada,519,14,3,33,124,301,CA,CAN,CAN
46,Canada,552,11,2,33,124,301,CA,CAN,CAN
46,Canada,553,12,2,33,124,301,CA,CAN,CAN
46,Canada,554,13,2,33,124,301,CA,CAN,CAN
46,Canada,555,14,2,33,124,301,CA,CAN,CAN
46,Canada,556,15,2,33,124,301,CA,CAN,CAN
46,Canada,590,13,1,33,124,301,CA,CAN,CAN
46,Canada,591,14,1,33,124,301,CA,CAN,CAN
46,Canada,592,15,1,33,124,301,CA,CAN,CAN
46,Canada,593,16,1,33,124,301,CA,CAN,CAN
46,Canada,629,16,0,33,124,301,CA,CAN,CAN
46,Canada,630,17,0,33,124,301,CA,CAN,CAN
47,Cape Verde,376,15,7,35,132,230,CV,CPV,CPV
48,Cayman Islands,371,10,7,36,136,386,KY,CYM,GBR
49,Central African Republic,344,19,8,37,140,231,CF,CAF,CAF
49,Central African Republic,345,20,8,37,140,231,CF,CAF,CAF
49,Central African Republic,381,20,7,37,140,231,CF,CAF,CAF
50,Chad,344,19,8,39,148,232,TD,TCD,TCD
50,Chad,345,20,8,39,148,232,TD,TCD,TCD
50,Chad,380,19,7,39,148,232,TD,TCD,TCD
50,Chad,381,20,7,39,148,232,TD,TCD,TCD
50,Chad,416,19,6,39,148,232,TD,TCD,TCD
50,Chad,417,20,6,39,148,232,TD,TCD,TCD
51,Chile,122,13,14,40,152,434,CL,CHL,CHL
51,Chile,123,14,14,40,152,434,CL,CHL,CHL
51,Chile,157,12,13,40,152,434,CL,CHL,CHL
51,Chile,158,13,13,40,152,434,CL,CHL,CHL
51,Chile,192,11,12,40,152,434,CL,CHL,CHL
51,Chile,193,12,12,40,152,434,CL,CHL,CHL
51,Chile,225,8,11,40,152,434,CL,CHL,CHL
51,Chile,227,10,11,40,152,434,CL,CHL,CHL
51,Chile,228,11,11,40,152,434,CL,CHL,CHL
51,Chile,264,11,10,40,152,434,CL,CHL,CHL
147295,China,389,28,7,,,,,,
147295,China,422,25,6,,,,,,
147295,China,423,26,6,,,,,,
147295,China,424,27,6,,,,,,
147295,China,425,28,6,,,,,,
147295,China,456,23,5,,,,,,
147295,China,457,24,5,,,,,,
147295,China,458,25,5,,,,,,
147295,China,459,26,5,,,,,,
147295,China,460,27,5,,,,,,
147295,China,461,28,5,,,,,,
147295,China,492,23,4,,,,,,
147295,China,493,24,4,,,,,,
147295,China,494,25,4,,,,,,
147295,China,495,26,4,,,,,,
147295,China,496,27,4,,,,,,
147295,China,530,25,3,,,,,,
147295,China,531,26,3,,,,,,
52,China/India,457,24,5,718,,,,,XXX
54,Christmas Island,281,28,10,42,,,CX,CXR,AUS
55,Clipperton Island,368,7,7,68,,,,,FRA
56,Cocos (Keeling) Islands,280,27,10,43,,,CC,CCK,AUS
57,Colombia,299,10,9,44,170,437,CO,COL,COL
57,Colombia,300,11,9,44,170,437,CO,COL,COL
57,Colombia,334,9,8,44,170,437,CO,COL,COL
57,Colombia,335,10,8,44,170,437,CO,COL,COL
57,Colombia,336,11,8,44,170,437,CO,COL,COL
57,Colombia,371,10,7,44,170,437,CO,COL,COL
57,Colombia,372,11,7,44,170,437,CO,COL,COL
58,Comoros,275,22,10,45,174,233,KM,COM,COM
59,Congo,308,19,9,46,178,234,CG,COG,COG
59,Congo,344,19,8,46,178,234,CG,COG,COG
60,Cook Islands,220,3,11,47,184,831,CK,COK,NZL
60,Cook Islands,254,1,10,47,184,831,CK,COK,NZL
60,Cook Islands,255,2,10,47,184,831,CK,COK,NZL
60,Cook Islands,256,3,10,47,184,831,CK,COK,NZL
60,Cook Islands,291,2,9,47,184,831,CK,COK,NZL
61,Costa Rica,334,9,8,48,188,336,CR,CRI,CRI
61,Costa Rica,370,9,7,48,188,336,CR,CRI,CRI
62,Croatia,487,18,4,98,191,62,HR,HRV,HRV
62,Croatia,488,19,4,98,191,62,HR,HRV,HRV
63,Cuba,371,10,7,49,192,338,CU,CUB,CUB
63,Cuba,407,10,6,49,192,338,CU,CUB,CUB
63,Cuba,408,11,6,49,192,338,CU,CUB,CUB
64,Cyprus,453,20,5,50,196,30,CY,CYP,CYP
65,Czech Republic,487,18,4,167,203,,CZ,CZE,CZE
65,Czech Republic,488,19,4,167,203,,CZ,CZE,CZE
65,Czech Republic,523,18,3,167,203,,CZ,CZE,CZE
65,Czech Republic,524,19,3,167,203,,CZ,CZE,CZE
67,Dem People's Rep of Korea,460,27,5,116,408,740,KP,PRK,PRK
67,Dem People's Rep of Korea,461,28,5,116,408,740,KP,PRK,PRK
67,Dem People's Rep of Korea,496,27,4,116,408,740,KP,PRK,PRK
68,Democratic Republic of the Congo,273,20,10,250,180,235,CD,COD,COD
68,Democratic Republic of the Congo,308,19,9,250,180,235,CD,COD,COD
68,Democratic Republic of the Congo,309,20,9,250,180,235,CD,COD,COD
68,Democratic Republic of the Congo,310,21,9,250,180,235,CD,COD,COD
68,Democratic Republic of the Congo,344,19,8,250,180,235,CD,COD,COD
68,Democratic Republic of the Congo,345,20,8,250,180,235,CD,COD,COD
68,Democratic Republic of the Congo,346,21,8,250,180,235,CD,COD,COD
69,Denmark,523,18,3,54,208,3,DK,DNK,DNK
70,Djibouti,383,22,7,72,262,274,DJ,DJI,DJI
71,Dominica,373,12,7,55,212,378,DM,DMA,DMA
72,Dominican Republic,372,11,7,56,214,340,DO,DOM,DOM
72,Dominican Republic,408,11,6,56,214,340,DO,DOM,DOM
73,Ecuador,297,8,9,58,218,440,EC,ECU,ECU
73,Ecuador,298,9,9,58,218,440,EC,ECU,ECU
73,Ecuador,299,10,9,58,218,440,EC,ECU,ECU
73,Ecuador,333,8,8,58,218,440,EC,ECU,ECU
73,Ecuador,334,9,8,58,218,440,EC,ECU,ECU
73,Ecuador,335,10,8,58,218,440,EC,ECU,ECU
40765,Egypt,417,20,6,59,818,142,EG,EGY,EGY
40765,Egypt,418,21,6,59,818,142,EG,EGY,EGY
40765,Egypt,453,20,5,59,818,142,EG,EGY,EGY
40765,Egypt,454,21,5,59,818,142,EG,EGY,EGY
75,El Salvador,370,9,7,60,222,342,SV,SLV,SLV
76,Equatorial Guinea,307,18,9,61,226,245,GQ,GNQ,GNQ
76,Equatorial Guinea,343,18,8,61,226,245,GQ,GNQ,GNQ
76,Equatorial Guinea,344,19,8,61,226,245,GQ,GNQ,GNQ
77,Eritrea,382,21,7,178,232,271,ER,ERI,ERI
77,Eritrea,383,22,7,178,232,271,ER,ERI,ERI
78,Estonia,524,19,3,63,233,,EE,EST,EST
79,Ethiopia,346,21,8,238,231,238,ET,ETH,ETH
79,Ethiopia,347,22,8,238,231,238,ET,ETH,ETH
79,Ethiopia,382,21,7,238,231,238,ET,ETH,ETH
79,Ethiopia,383,22,7,238,231,238,ET,ETH,ETH
80,Europa Island,238,21,11,68,,443,,,FRA
81,Falkland Islands (Malvinas),123,14,14,65,238,,FK,FLK,GBR
82,Faroe Islands,558,17,2,64,234,,FO,FRO,DNK
83,Fiji,218,1,11,66,242,832,FJ,FJI,FJI
83,Fiji,253,0,10,66,242,832,FJ,FJI,FJI
83,Fiji,254,1,10,66,242,832,FJ,FJI,FJI
83,Fiji,287,34,10,66,242,832,FJ,FJI,FJI
83,Fiji,288,35,10,66,242,832,FJ,FJI,FJI
84,Finland,524,19,3,67,246,18,FI,FIN,FIN
84,Finland,559,18,2,67,246,18,FI,FIN,FIN
84,Finland,560,19,2,67,246,18,FI,FIN,FIN
84,Finland,595,18,1,67,246,18,FI,FIN,FIN
85,France,486,17,4,68,250,4,FR,FRA,FRA
85,France,487,18,4,68,250,4,FR,FRA,FRA
85,France,523,18,3,68,250,4,FR,FRA,FRA
86,French Guiana,337,12,8,69,254,,GF,GUF,FRA
87,French Polynesia,220,3,11,70,258,840,PF,PYF,FRA
87,French Polynesia,221,4,11,70,258,840,PF,PYF,FRA
87,French Polynesia,222,5,11,70,258,840,PF,PYF,FRA
87,French Polynesia,256,3,10,70,258,840,PF,PYF,FRA
87,French Polynesia,257,4,10,70,258,840,PF,PYF,FRA
87,French Polynesia,258,5,10,70,258,840,PF,PYF,FRA
87,French Polynesia,293,4,9,70,258,840,PF,PYF,FRA
88,French Southern and Antarctic Territories,166,21,13,71,,,TF,ATF,FRA
88,French Southern and Antarctic Territories,167,22,13,71,,,TF,ATF,FRA
88,French Southern and Antarctic Territories,205,24,12,71,,,TF,ATF,FRA
89,Gabon,307,18,9,74,266,239,GA,GAB,GAB
89,Gabon,308,19,9,74,266,239,GA,GAB,GAB
89,Gabon,343,18,8,74,266,239,GA,GAB,GAB
89,Gabon,344,19,8,74,266,239,GA,GAB,GAB
90,Gambia,377,16,7,75,270,240,GM,GMB,GMB
91,Gaza Strip,453,20,5,76,275,,,,XXX
92,Georgia,489,20,4,73,268,612,GE,GEO,GEO
92,Georgia,490,21,4,73,268,612,GE,GEO,GEO
93,Germany,487,18,4,79,276,5,DE,DEU,DEU
93,Germany,523,18,3,79,276,5,DE,DEU,DEU
94,Ghana,342,17,8,81,288,241,GH,GHA,GHA
94,Ghana,343,18,8,81,288,241,GH,GHA,GHA
94,Ghana,378,17,7,81,288,241,GH,GHA,GHA
94,Ghana,379,18,7,81,288,241,GH,GHA,GHA
95,Gibraltar,450,17,5,82,292,35,GI,GIB,GBR
96,Glorioso Island,275,22,10,68,,,,,FRA
97,Greece,452,19,5,84,300,40,GR,GRC,GRC
97,Greece,453,20,5,84,300,40,GR,GRC,GRC
97,Greece,488,19,4,84,300,40,GR,GRC,GRC
97,Greece,489,20,4,84,300,40,GR,GRC,GRC
98,Greenland,520,15,3,85,304,,GL,GRL,DNK
98,Greenland,556,15,2,85,304,,GL,GRL,DNK
98,Greenland,557,16,2,85,304,,GL,GRL,DNK
98,Greenland,558,17,2,85,304,,GL,GRL,DNK
98,Greenland,593,16,1,85,304,,GL,GRL,DNK
98,Greenland,594,17,1,85,304,,GL,GRL,DNK
98,Greenland,629,16,0,85,304,,GL,GRL,DNK
98,Greenland,630,17,0,85,304,,GL,GRL,DNK
98,Greenland,631,18,0,85,304,,GL,GRL,DNK
99,Grenada,372,11,7,86,308,381,GD,GRD,GRD
99,Grenada,373,12,7,86,308,381,GD,GRD,GRD
100,Guadeloupe,373,12,7,87,312,345,GP,GLP,FRA
101,Guam,393,32,7,88,316,,GU,GUM,USA
103,Guatemala,370,9,7,89,320,347,GT,GTM,GTM
104,Guernsey,486,17,4,229,831,,GG,GGY,GBR
106,Guinea,341,16,8,90,324,243,GN,GIN,GIN
106,Guinea,342,17,8,90,324,243,GN,GIN,GIN
106,Guinea,377,16,7,90,324,243,GN,GIN,GIN
106,Guinea,378,17,7,90,324,243,GN,GIN,GIN
105,Guinea-Bissau,377,16,7,175,624,244,GW,GNB,GNB
107,Guyana,336,11,8,91,328,446,GY,GUY,GUY
107,Guyana,337,12,8,91,328,446,GY,GUY,GUY
108,Haiti,371,10,7,93,332,349,HT,HTI,HTI
108,Haiti,372,11,7,93,332,349,HT,HTI,HTI
108,Haiti,408,11,6,93,332,349,HT,HTI,HTI
40760,Hala'ib triangle,418,21,6,705,,,,XXX,SDN
109,Heard Island and McDonald Islands,131,22,14,92,,,HM,HMD,HMD
110,Holy See,487,18,4,94,336,,VA,VAT,VAT
111,Honduras,370,9,7,95,340,351,HN,HND,HND
111,Honduras,371,10,7,95,340,351,HN,HND,HND
33364,Hong Kong,425,28,6,96,344,735,HK,HKG,CHN
112,Howland Island,325,0,8,232,,,,,USA
113,Hungary,488,19,4,97,348,75,HU,HUN,HUN
114,Iceland,558,17,2,99,352,,IS,ISL,ISL
61013,Ilemi triangle,346,21,8,,,,,,KEN
115,India,352,27,8,100,356,645,IN,IND,IND
115,India,350,25,8,100,356,645,IN,IND,IND
115,India,386,25,7,100,356,645,IN,IND,IND
115,India,388,27,7,100,356,645,IN,IND,IND
115,India,385,24,7,100,356,645,IN,IND,IND
115,India,387,26,7,100,356,645,IN,IND,IND
115,India,421,24,6,100,356,645,IN,IND,IND
115,India,423,26,6,100,356,645,IN,IND,IND
115,India,422,25,6,100,356,645,IN,IND,IND
115,India,457,24,5,100,356,645,IN,IND,IND
115,India,458,25,5,100,356,645,IN,IND,IND
116,Indonesia,282,29,10,101,360,738,ID,IDN,IDN
116,Indonesia,283,30,10,101,360,738,ID,IDN,IDN
116,Indonesia,316,27,9,101,360,738,ID,IDN,IDN
116,Indonesia,317,28,9,101,360,738,ID,IDN,IDN
116,Indonesia,318,29,9,101,360,738,ID,IDN,IDN
116,Indonesia,319,30,9,101,360,738,ID,IDN,IDN
116,Indonesia,320,31,9,101,360,738,ID,IDN,IDN
116,Indonesia,321,32,9,101,360,738,ID,IDN,IDN
116,Indonesia,352,27,8,101,360,738,ID,IDN,IDN
116,Indonesia,353,28,8,101,360,738,ID,IDN,IDN
116,Indonesia,354,29,8,101,360,738,ID,IDN,IDN
116,Indonesia,355,30,8,101,360,738,ID,IDN,IDN
116,Indonesia,356,31,8,101,360,738,ID,IDN,IDN
117,Iran  (Islamic Republic of),419,22,6,102,364,540,IR,IRN,IRN
117,Iran  (Islamic Republic of),420,23,6,102,364,540,IR,IRN,IRN
117,Iran  (Islamic Republic of),454,21,5,102,364,540,IR,IRN,IRN
117,Iran  (Islamic Republic of),455,22,5,102,364,540,IR,IRN,IRN
117,Iran  (Islamic Republic of),456,23,5,102,364,540,IR,IRN,IRN
118,Iraq,418,21,6,103,368,543,IQ,IRQ,IRQ
118,Iraq,419,22,6,103,368,543,IQ,IRQ,IRQ
118,Iraq,454,21,5,103,368,543,IQ,IRQ,IRQ
118,Iraq,455,22,5,103,368,543,IQ,IRQ,IRQ
119,Ireland,522,17,3,104,372,21,IE,IRL,IRL
120,Isle of Man,522,17,3,264,833,,IM,IMN,GBR
121,Israel,418,21,6,105,376,546,IL,ISR,ISR
121,Israel,453,20,5,105,376,546,IL,ISR,ISR
121,Israel,454,21,5,105,376,546,IL,ISR,ISR
122,Italy,451,18,5,106,380,6,IT,ITA,ITA
122,Italy,452,19,5,106,380,6,IT,ITA,ITA
122,Italy,487,18,4,106,380,6,IT,ITA,ITA
122,Italy,488,19,4,106,380,6,IT,ITA,ITA
123,Jamaica,371,10,7,109,388,354,JM,JAM,JAM
40781,Jammu and Kashmir,456,23,5,,,,,,XXX
40781,Jammu and Kashmir,457,24,5,,,,,,XXX
126,Japan,426,29,6,110,392,701,JP,JPN,JPN
126,Japan,427,30,6,110,392,701,JP,JPN,JPN
126,Japan,428,31,6,110,392,701,JP,JPN,JPN
126,Japan,461,28,5,110,392,701,JP,JPN,JPN
126,Japan,462,29,5,110,392,701,JP,JPN,JPN
126,Japan,463,30,5,110,392,701,JP,JPN,JPN
126,Japan,496,27,4,110,392,701,JP,JPN,JPN
126,Japan,497,28,4,110,392,701,JP,JPN,JPN
127,Jarvis Island,291,2,9,232,,,,,USA
128,Jersey,486,17,4,229,832,,JE,JEY,GBR
129,Johnston Atoll,362,1,7,111,,,,JTN,USA
130,Jordan,418,21,6,112,400,549,JO,JOR,JOR
130,Jordan,453,20,5,112,400,549,JO,JOR,JOR
130,Jordan,454,21,5,112,400,549,JO,JOR,JOR
131,Juan de Nova Island,275,22,10,68,,,,,FRA
132,Kazakhstan,490,21,4,108,398,613,KZ,KAZ,KAZ
132,Kazakhstan,491,22,4,108,398,613,KZ,KAZ,KAZ
132,Kazakhstan,492,23,4,108,398,613,KZ,KAZ,KAZ
132,Kazakhstan,526,21,3,108,398,613,KZ,KAZ,KAZ
132,Kazakhstan,527,22,3,108,398,613,KZ,KAZ,KAZ
132,Kazakhstan,528,23,3,108,398,613,KZ,KAZ,KAZ
133,Kenya,310,21,9,114,404,248,KE,KEN,KEN
133,Kenya,311,22,9,114,404,248,KE,KEN,KEN
133,Kenya,346,21,8,114,404,248,KE,KEN,KEN
133,Kenya,347,22,8,114,404,248,KE,KEN,KEN
134,Kingman Reef,326,1,8,232,,,,,USA
135,Kiribati,289,0,9,83,296,836,KI,KIR,KIR
135,Kiribati,290,1,9,83,296,836,KI,KIR,KIR
135,Kiribati,291,2,9,83,296,836,KI,KIR,KIR
135,Kiribati,292,3,9,83,296,836,KI,KIR,KIR
135,Kiribati,323,34,9,83,296,836,KI,KIR,KIR
135,Kiribati,324,35,9,83,296,836,KI,KIR,KIR
135,Kiribati,327,2,8,83,296,836,KI,KIR,KIR
135,Kiribati,360,35,8,83,296,836,KI,KIR,KIR
136,Kuril islands,497,28,4,708,,552,KW,,RUS
137,Kuwait,419,22,6,118,414,614,KG,KWT,KWT
137,Kuwait,455,22,5,118,414,614,KG,KWT,KWT
138,Kyrgyzstan,456,23,5,113,417,,,KGZ,KGZ
138,Kyrgyzstan,492,23,4,113,417,,,KGZ,KGZ
139,Lao People's Democratic Republic,388,27,7,120,418,745,LA,LAO,LAO
139,Lao People's Democratic Republic,389,28,7,120,418,745,LA,LAO,LAO
139,Lao People's Democratic Republic,424,27,6,120,418,745,LA,LAO,LAO
140,Latvia,524,19,3,119,428,,LV,LVA,LVA
141,Lebanon,453,20,5,121,422,555,LB,LBN,LBN
141,Lebanon,454,21,5,121,422,555,LB,LBN,LBN
142,Lesotho,201,20,12,122,426,249,LS,LSO,LSO
142,Lesotho,237,20,11,122,426,249,LS,LSO,LSO
144,Liberia,341,16,8,123,430,251,LR,LBR,LBR
144,Liberia,342,17,8,123,430,251,LR,LBR,LBR
145,Libya,381,20,7,124,434,133,LY,LBY,LBY
145,Libya,415,18,6,124,434,133,LY,LBY,LBY
145,Libya,416,19,6,124,434,133,LY,LBY,LBY
145,Libya,417,20,6,124,434,133,LY,LBY,LBY
145,Libya,451,18,5,124,434,133,LY,LBY,LBY
145,Libya,452,19,5,124,434,133,LY,LBY,LBY
145,Libya,453,20,5,124,434,133,LY,LBY,LBY
146,Liechtenstein,487,18,4,125,438,,LI,LIE,LIE
147,Lithuania,524,19,3,126,440,,LT,LTU,LTU
148,Luxembourg,487,18,4,256,442,22,LU,LUX,LUX
148,Luxembourg,523,18,3,256,442,22,LU,LUX,LUX
149,Macau,425,28,6,128,446,748,MO,MAC,CHN
150,Madagascar,238,21,11,129,450,252,MG,MDG,MDG
150,Madagascar,239,22,11,129,450,252,MG,MDG,MDG
150,Madagascar,275,22,10,129,450,252,MG,MDG,MDG
151,Madeira Islands,449,16,5,174,,,,,PRT
152,Malawi,274,21,10,130,454,253,MW,MWI,MWI
152,Malawi,310,21,9,130,454,253,MW,MWI,MWI
153,Malaysia,352,27,8,131,458,751,MY,MYS,MYS
153,Malaysia,353,28,8,131,458,751,MY,MYS,MYS
153,Malaysia,354,29,8,131,458,751,MY,MYS,MYS
154,Maldives,314,25,9,132,462,655,MV,MDV,MDV
154,Maldives,350,25,8,132,462,655,MV,MDV,MDV
155,Mali,377,16,7,133,466,255,ML,MLI,MLI
155,Mali,378,17,7,133,466,255,ML,MLI,MLI
155,Mali,379,18,7,133,466,255,ML,MLI,MLI
155,Mali,414,17,6,133,466,255,ML,MLI,MLI
155,Mali,415,18,6,133,466,255,ML,MLI,MLI
156,Malta,452,19,5,134,470,45,MT,MLT,MLT
157,Marshall Islands,359,34,8,127,584,859,MH,MHL,MHL
157,Marshall Islands,360,35,8,127,584,859,MH,MHL,MHL
157,Marshall Islands,395,34,7,127,584,859,MH,MHL,MHL
158,Martinique,373,12,7,135,474,356,MQ,MTQ,FRA
40762,Ma'tan al-Sarra,418,21,6,713,,,,XXX,EGY
159,Mauritania,377,16,7,136,478,256,MR,MRT,MRT
159,Mauritania,378,17,7,136,478,256,MR,MRT,MRT
159,Mauritania,413,16,6,136,478,256,MR,MRT,MRT
159,Mauritania,414,17,6,136,478,256,MR,MRT,MRT
160,Mauritius,240,23,11,137,480,257,MU,MUS,MUS
160,Mauritius,276,23,10,137,480,257,MU,MUS,MUS
161,Mayotte,275,22,10,270,175,258,YT,MYT,FRA
162,Mexico,368,7,7,138,484,358,MX,MEX,MEX
162,Mexico,369,8,7,138,484,358,MX,MEX,MEX
162,Mexico,370,9,7,138,484,358,MX,MEX,MEX
162,Mexico,404,7,6,138,484,358,MX,MEX,MEX
162,Mexico,405,8,6,138,484,358,MX,MEX,MEX
162,Mexico,406,9,6,138,484,358,MX,MEX,MEX
162,Mexico,440,7,5,138,484,358,MX,MEX,MEX
162,Mexico,441,8,5,138,484,358,MX,MEX,MEX
162,Mexico,442,9,5,138,484,358,MX,MEX,MEX
163,Micronesia (Federated States of),356,31,8,145,583,860,FM,FSM,FSM
163,Micronesia (Federated States of),357,32,8,145,583,860,FM,FSM,FSM
163,Micronesia (Federated States of),358,33,8,145,583,860,FM,FSM,FSM
163,Micronesia (Federated States of),359,34,8,145,583,860,FM,FSM,FSM
163,Micronesia (Federated States of),392,31,7,145,583,860,FM,FSM,FSM
163,Micronesia (Federated States of),394,33,7,145,583,860,FM,FSM,FSM
164,Midway Island,399,2,6,139,,,,MID,USA
165,"Moldova, Republic of",488,19,4,146,498,93,MD,MDA,MDA
165,"Moldova, Republic of",489,20,4,146,498,93,MD,MDA,MDA
166,Monaco,487,18,4,140,492,,MC,MCO,MCO
167,Mongolia,492,23,4,141,496,753,MN,MNG,MNG
167,Mongolia,493,24,4,141,496,753,MN,MNG,MNG
167,Mongolia,494,25,4,141,496,753,MN,MNG,MNG
167,Mongolia,495,26,4,141,496,753,MN,MNG,MNG
167,Mongolia,528,23,3,141,496,753,MN,MNG,MNG
167,Mongolia,529,24,3,141,496,753,MN,MNG,MNG
167,Mongolia,530,25,3,141,496,753,MN,MNG,MNG
2647,Montenegro,488,19,4,273,499,65,ME,MNE,MNE
168,Montserrat,373,12,7,142,500,385,MS,MSR,GBR
169,Morocco,413,16,6,143,504,136,MA,MAR,MAR
169,Morocco,414,17,6,143,504,136,MA,MAR,MAR
169,Morocco,450,17,5,143,504,136,MA,MAR,MAR
170,Mozambique,237,20,11,144,508,259,MZ,MOZ,MOZ
170,Mozambique,238,21,11,144,508,259,MZ,MOZ,MOZ
170,Mozambique,273,20,10,144,508,259,MZ,MOZ,MOZ
170,Mozambique,274,21,10,144,508,259,MZ,MOZ,MOZ
170,Mozambique,275,22,10,144,508,259,MZ,MOZ,MOZ
171,Myanmar,352,27,8,28,104,635,MM,MMR,MMR
171,Myanmar,387,26,7,28,104,635,MM,MMR,MMR
171,Myanmar,388,27,7,28,104,635,MM,MMR,MMR
171,Myanmar,423,26,6,28,104,635,MM,MMR,MMR
171,Myanmar,424,27,6,28,104,635,MM,MMR,MMR
172,Namibia,236,19,11,147,516,275,NA,NAM,NAM
172,Namibia,272,19,10,147,516,275,NA,NAM,NAM
172,Namibia,273,20,10,147,516,275,NA,NAM,NAM
173,Nauru,323,34,9,148,520,845,NR,NRU,NRU
174,Navassa Island,371,10,7,232,,,,XXX,USA
175,Nepal,421,24,6,149,524,660,NP,NPL,NPL
175,Nepal,422,25,6,149,524,660,NP,NPL,NPL
175,Nepal,458,25,5,149,524,660,NP,NPL,NPL
177,Netherlands,523,18,3,150,528,7,NL,NLD,NLD
176,Netherlands Antilles,372,11,7,151,530,361,AN,ANT,NLD
176,Netherlands Antilles,373,12,7,151,530,361,AN,ANT,NLD
178,New Caledonia,249,32,11,153,540,850,NC,NCL,FRA
178,New Caledonia,250,33,11,153,540,850,NC,NCL,FRA
178,New Caledonia,285,32,10,153,540,850,NC,NCL,FRA
178,New Caledonia,286,33,10,153,540,850,NC,NCL,FRA
179,New Zealand,137,28,14,156,554,820,NZ,NZL,NZL
179,New Zealand,150,5,13,156,554,820,NZ,NZL,NZL
179,New Zealand,174,29,13,156,554,820,NZ,NZL,NZL
179,New Zealand,175,30,13,156,554,820,NZ,NZL,NZL
179,New Zealand,176,31,13,156,554,820,NZ,NZL,NZL
179,New Zealand,183,2,12,156,554,820,NZ,NZL,NZL
179,New Zealand,212,31,12,156,554,820,NZ,NZL,NZL
179,New Zealand,213,32,12,156,554,820,NZ,NZL,NZL
179,New Zealand,219,2,11,156,554,820,NZ,NZL,NZL
180,Nicaragua,370,9,7,157,558,364,NI,NIC,NIC
180,Nicaragua,371,10,7,157,558,364,NI,NIC,NIC
181,Niger,379,18,7,158,562,260,NE,NER,NER
181,Niger,380,19,7,158,562,260,NE,NER,NER
181,Niger,415,18,6,158,562,260,NE,NER,NER
181,Niger,416,19,6,158,562,260,NE,NER,NER
182,Nigeria,343,18,8,159,566,261,NG,NGA,NGA
182,Nigeria,344,19,8,159,566,261,NG,NGA,NGA
182,Nigeria,379,18,7,159,566,261,NG,NGA,NGA
182,Nigeria,380,19,7,159,566,261,NG,NGA,NGA
183,Niue,254,1,10,160,570,856,NU,NIU,NZL
184,Norfolk Island,249,32,11,161,574,,NF,NFK,AUS
185,Northern Mariana Islands,392,31,7,163,580,858,MP,MNP,USA
185,Northern Mariana Islands,393,32,7,163,580,858,MP,MNP,USA
185,Northern Mariana Islands,428,31,6,163,580,858,MP,MNP,USA
186,Norway,523,18,3,162,578,8,NO,NOR,NOR
186,Norway,559,18,2,162,578,8,NO,NOR,NOR
186,Norway,560,19,2,162,578,8,NO,NOR,NOR
186,Norway,595,18,1,162,578,8,NO,NOR,NOR
186,Norway,596,19,1,162,578,8,NO,NOR,NOR
187,Oman,383,22,7,221,512,558,OM,OMN,OMN
187,Oman,384,23,7,221,512,558,OM,OMN,OMN
187,Oman,420,23,6,221,512,558,OM,OMN,OMN
188,Pakistan,420,23,6,165,586,665,PK,PAK,PAK
188,Pakistan,421,24,6,165,586,665,PK,PAK,PAK
188,Pakistan,456,23,5,165,586,665,PK,PAK,PAK
188,Pakistan,457,24,5,165,586,665,PK,PAK,PAK
189,Palau,356,31,8,180,585,861,PW,PLW,PLW
190,Palmyra Atoll,326,1,8,232,,,,XXX,USA
191,Panama,334,9,8,166,591,366,PA,PAN,PAN
191,Panama,335,10,8,166,591,366,PA,PAN,PAN
192,Papua New Guinea,285,32,10,168,598,862,PG,PNG,PNG
192,Papua New Guinea,286,33,10,168,598,862,PG,PNG,PNG
192,Papua New Guinea,320,31,9,168,598,862,PG,PNG,PNG
192,Papua New Guinea,321,32,9,168,598,862,PG,PNG,PNG
192,Papua New Guinea,322,33,9,168,598,862,PG,PNG,PNG
193,Paracel Islands,389,28,7,710,,,,,XXX
194,Paraguay,229,12,11,169,600,451,PY,PRY,PRY
194,Paraguay,230,13,11,169,600,451,PY,PRY,PRY
194,Paraguay,265,12,10,169,600,451,PY,PRY,PRY
195,Peru,263,10,10,170,604,454,PE,PER,PER
195,Peru,264,11,10,170,604,454,PE,PER,PER
195,Peru,298,9,9,170,604,454,PE,PER,PER
195,Peru,299,10,9,170,604,454,PE,PER,PER
195,Peru,300,11,9,170,604,454,PE,PER,PER
195,Peru,335,10,8,170,604,454,PE,PER,PER
196,Philippines,354,29,8,171,608,755,PH,PHL,PHL
196,Philippines,355,30,8,171,608,755,PH,PHL,PHL
196,Philippines,390,29,7,171,608,755,PH,PHL,PHL
196,Philippines,391,30,7,171,608,755,PH,PHL,PHL
196,Philippines,426,29,6,171,608,755,PH,PHL,PHL
197,Pitcairn,223,6,11,172,612,,PN,PCN,GBR
198,Poland,488,19,4,173,616,,PL,POL,POL
198,Poland,523,18,3,173,616,,PL,POL,POL
198,Poland,524,19,3,173,616,,PL,POL,POL
199,Portugal,450,17,5,174,620,9,PT,PRT,PRT
199,Portugal,486,17,4,174,620,9,PT,PRT,PRT
200,Puerto Rico,372,11,7,177,630,,PR,PRI,USA
201,Qatar,419,22,6,179,634,561,QA,QAT,QAT
206,R?union,240,23,11,182,638,,RE,REU,FRA
202,Republic of Korea,460,27,5,117,410,742,KR,KOR,KOR
202,Republic of Korea,461,28,5,117,410,742,KR,KOR,KOR
203,Romania,488,19,4,183,642,77,RO,ROU,ROU
203,Romania,489,20,4,183,642,77,RO,ROU,ROU
204,Russian Federation,489,20,4,185,643,87,RU,RUS,RUS
204,Russian Federation,490,21,4,185,643,87,RU,RUS,RUS
204,Russian Federation,492,23,4,185,643,87,RU,RUS,RUS
204,Russian Federation,493,24,4,185,643,87,RU,RUS,RUS
204,Russian Federation,494,25,4,185,643,87,RU,RUS,RUS
204,Russian Federation,495,26,4,185,643,87,RU,RUS,RUS
204,Russian Federation,496,27,4,185,643,87,RU,RUS,RUS
204,Russian Federation,497,28,4,185,643,87,RU,RUS,RUS
204,Russian Federation,524,19,3,185,643,87,RU,RUS,RUS
204,Russian Federation,525,20,3,185,643,87,RU,RUS,RUS
204,Russian Federation,526,21,3,185,643,87,RU,RUS,RUS
204,Russian Federation,527,22,3,185,643,87,RU,RUS,RUS
204,Russian Federation,528,23,3,185,643,87,RU,RUS,RUS
204,Russian Federation,529,24,3,185,643,87,RU,RUS,RUS
204,Russian Federation,530,25,3,185,643,87,RU,RUS,RUS
204,Russian Federation,531,26,3,185,643,87,RU,RUS,RUS
204,Russian Federation,532,27,3,185,643,87,RU,RUS,RUS
204,Russian Federation,533,28,3,185,643,87,RU,RUS,RUS
204,Russian Federation,551,10,2,185,643,87,RU,RUS,RUS
204,Russian Federation,552,11,2,185,643,87,RU,RUS,RUS
204,Russian Federation,560,19,2,185,643,87,RU,RUS,RUS
204,Russian Federation,561,20,2,185,643,87,RU,RUS,RUS
204,Russian Federation,562,21,2,185,643,87,RU,RUS,RUS
204,Russian Federation,563,22,2,185,643,87,RU,RUS,RUS
204,Russian Federation,564,23,2,185,643,87,RU,RUS,RUS
204,Russian Federation,565,24,2,185,643,87,RU,RUS,RUS
204,Russian Federation,566,25,2,185,643,87,RU,RUS,RUS
204,Russian Federation,567,26,2,185,643,87,RU,RUS,RUS
204,Russian Federation,589,12,1,185,643,87,RU,RUS,RUS
204,Russian Federation,596,19,1,185,643,87,RU,RUS,RUS
204,Russian Federation,597,20,1,185,643,87,RU,RUS,RUS
204,Russian Federation,598,21,1,185,643,87,RU,RUS,RUS
204,Russian Federation,599,22,1,185,643,87,RU,RUS,RUS
204,Russian Federation,600,23,1,185,643,87,RU,RUS,RUS
204,Russian Federation,601,24,1,185,643,87,RU,RUS,RUS
204,Russian Federation,631,18,0,185,643,87,RU,RUS,RUS
204,Russian Federation,632,19,0,185,643,87,RU,RUS,RUS
205,Rwanda,309,20,9,184,646,266,RW,RWA,RWA
205,Rwanda,310,21,9,184,646,266,RW,RWA,RWA
207,Saint Helena,162,17,13,187,654,276,SH,SHN,GBR
207,Saint Helena,198,17,12,187,654,276,SH,SHN,GBR
207,Saint Helena,270,17,10,187,654,276,SH,SHN,GBR
207,Saint Helena,305,16,9,187,654,276,SH,SHN,GBR
208,Saint Kitts and Nevis,373,12,7,188,659,382,KN,KNA,KNA
209,Saint Lucia,373,12,7,189,662,383,LC,LCA,LCA
210,Saint Pierre et Miquelon,483,14,4,190,666,,PM,SPM,FRA
211,Saint Vincent and the Grenadines,373,12,7,191,670,384,VC,VCT,VCT
212,Samoa,254,1,10,244,882,880,WS,WSM,WSM
213,San Marino,487,18,4,192,674,,SM,SMR,SMR
214,Sao Tome and Principe,343,18,8,193,678,268,ST,STP,STP
215,Saudi Arabia,382,21,7,194,682,566,SA,SAU,SAU
215,Saudi Arabia,383,22,7,194,682,566,SA,SAU,SAU
215,Saudi Arabia,384,23,7,194,682,566,SA,SAU,SAU
215,Saudi Arabia,418,21,6,194,682,566,SA,SAU,SAU
215,Saudi Arabia,419,22,6,194,682,566,SA,SAU,SAU
215,Saudi Arabia,420,23,6,194,682,566,SA,SAU,SAU
215,Saudi Arabia,454,21,5,194,682,566,SA,SAU,SAU
216,Scarborough Reef,390,29,7,711,,,,,XXX
217,Senegal,377,16,7,195,686,269,SN,SEN,SEN
218,Senkaku Islands,426,29,6,721,,,,,XXX
2648,Serbia,488,19,4,272,688,63,RS,SRB,SRB
220,Seychelles,275,22,10,196,690,270,SC,SYC,SYC
220,Seychelles,276,23,10,196,690,270,SC,SYC,SYC
220,Seychelles,311,22,9,196,690,270,SC,SYC,SYC
220,Seychelles,312,23,9,196,690,270,SC,SYC,SYC
221,Sierra Leone,341,16,8,197,694,272,SL,SLE,SLE
221,Sierra Leone,342,17,8,197,694,272,SL,SLE,SLE
221,Sierra Leone,377,16,7,197,694,272,SL,SLE,SLE
222,Singapore,353,28,8,200,702,761,SG,SGP,SGP
223,Slovakia,488,19,4,199,703,69,SK,SVK,SVK
224,Slovenia,487,18,4,198,705,61,SI,SVN,SVN
224,Slovenia,488,19,4,198,705,61,SI,SVN,SVN
225,Solomon Islands,286,33,10,25,90,866,SB,SLB,SLB
225,Solomon Islands,287,34,10,25,90,866,SB,SLB,SLB
225,Solomon Islands,322,33,9,25,90,866,SB,SLB,SLB
225,Solomon Islands,323,34,9,25,90,866,SB,SLB,SLB
226,Somalia,311,22,9,201,706,273,SO,SOM,SOM
226,Somalia,347,22,8,201,706,273,SO,SOM,SOM
226,Somalia,348,23,8,201,706,273,SO,SOM,SOM
226,Somalia,383,22,7,201,706,273,SO,SOM,SOM
226,Somalia,384,23,7,201,706,273,SO,SOM,SOM
227,South Africa,165,20,13,202,710,218,ZA,ZAF,ZAF
227,South Africa,200,19,12,202,710,218,ZA,ZAF,ZAF
227,South Africa,201,20,12,202,710,218,ZA,ZAF,ZAF
227,South Africa,236,19,11,202,710,218,ZA,ZAF,ZAF
227,South Africa,237,20,11,202,710,218,ZA,ZAF,ZAF
228,South Georgia and the South Sandwich Islands,124,15,14,271,,,GS,SGS,GBR
228,South Georgia and the South Sandwich Islands,125,16,14,271,,,GS,SGS,GBR
74,South Sudan,345,20,8,277,728,,,SSD,
74,South Sudan,346,21,8,277,728,,,SSD,
74,South Sudan,381,20,7,277,728,,,SSD,
74,South Sudan,382,21,7,277,728,,,SSD,
229,Spain,413,16,6,203,724,50,ES,ESP,ESP
229,Spain,450,17,5,203,724,50,ES,ESP,ESP
229,Spain,451,18,5,203,724,50,ES,ESP,ESP
229,Spain,486,17,4,203,724,50,ES,ESP,ESP
229,Spain,487,18,4,203,724,50,ES,ESP,ESP
230,Spratly Islands,354,29,8,712,,,,,XXX
230,Spratly Islands,390,29,7,712,,,,,XXX
231,Sri Lanka,350,25,8,38,144,640,LK,LKA,LKA
231,Sri Lanka,351,26,8,38,144,640,LK,LKA,LKA
6,Sudan,345,20,8,276,729,,,SDN,
6,Sudan,346,21,8,276,729,,,SDN,
6,Sudan,381,20,7,276,729,,,SDN,
6,Sudan,382,21,7,276,729,,,SDN,
6,Sudan,417,20,6,276,729,,,SDN,
6,Sudan,418,21,6,276,729,,,SDN,
233,Suriname,337,12,8,207,740,457,SR,SUR,SUR
234,Svalbard and Jan Mayen Islands,594,17,1,260,744,,SJ,SJM,NOR
234,Svalbard and Jan Mayen Islands,595,18,1,260,744,,SJ,SJM,NOR
234,Svalbard and Jan Mayen Islands,631,18,0,260,744,,SJ,SJM,NOR
235,Swaziland,237,20,11,209,748,280,SZ,SWZ,SWZ
236,Sweden,523,18,3,210,752,10,SE,SWE,SWE
236,Sweden,524,19,3,210,752,10,SE,SWE,SWE
236,Sweden,559,18,2,210,752,10,SE,SWE,SWE
237,Switzerland,487,18,4,211,756,11,CH,CHE,CHE
238,Syrian Arab Republic,453,20,5,212,760,573,SY,SYR,SYR
238,Syrian Arab Republic,454,21,5,212,760,573,SY,SYR,SYR
147296,Taiwan,425,28,6,,,,,,
147296,Taiwan,426,29,6,,,,,,
239,Tajikistan,456,23,5,208,762,615,TJ,TJK,TJK
239,Tajikistan,492,23,4,208,762,615,TJ,TJK,TJK
240,Thailand,352,27,8,216,764,764,TH,THA,THA
240,Thailand,353,28,8,216,764,764,TH,THA,THA
240,Thailand,388,27,7,216,764,764,TH,THA,THA
240,Thailand,389,28,7,216,764,764,TH,THA,THA
240,Thailand,424,27,6,216,764,764,TH,THA,THA
241,The former Yugoslav Republic of Macedonia,488,19,4,154,807,66,MK,MKD,MKD
242,Timor-Leste,319,30,9,176,626,765,TL,TLS,TLS
243,Togo,343,18,8,217,768,283,TG,TGO,TGO
243,Togo,379,18,7,217,768,283,TG,TGO,TGO
244,Tokelau,289,0,9,218,772,868,TK,TKL,GBR
244,Tokelau,290,1,9,218,772,868,TK,TKL,GBR
245,Tonga,218,1,11,219,776,870,TO,TON,TON
245,Tonga,254,1,10,219,776,870,TO,TON,TON
246,Trinidad and Tobago,372,11,7,220,780,375,TT,TTO,TTO
246,Trinidad and Tobago,373,12,7,220,780,375,TT,TTO,TTO
247,Tromelin Island,276,23,10,182,,,,,FRA
248,Tunisia,451,18,5,222,788,139,TN,TUN,TUN
249,Turkey,453,20,5,223,792,55,TR,TUR,TUR
249,Turkey,454,21,5,223,792,55,TR,TUR,TUR
249,Turkey,488,19,4,223,792,55,TR,TUR,TUR
249,Turkey,489,20,4,223,792,55,TR,TUR,TUR
249,Turkey,490,21,4,223,792,55,TR,TUR,TUR
250,Turkmenistan,454,21,5,213,795,616,TM,TKM,TKM
250,Turkmenistan,455,22,5,213,795,616,TM,TKM,TKM
250,Turkmenistan,456,23,5,213,795,616,TM,TKM,TKM
250,Turkmenistan,490,21,4,213,795,616,TM,TKM,TKM
250,Turkmenistan,491,22,4,213,795,616,TM,TKM,TKM
251,Turks and Caicos islands,408,11,6,224,796,387,TC,TCA,GBR
252,Tuvalu,324,35,9,227,798,872,TV,TUV,TUV
256,U.K. of Great Britain and Northern Ireland,522,17,3,229,826,12,GB,GBR,GBR
256,U.K. of Great Britain and Northern Ireland,523,18,3,229,826,12,GB,GBR,GBR
256,U.K. of Great Britain and Northern Ireland,558,17,2,229,826,12,GB,GBR,GBR
253,Uganda,309,20,9,226,800,285,UG,UGA,UGA
253,Uganda,310,21,9,226,800,285,UG,UGA,UGA
253,Uganda,345,20,8,226,800,285,UG,UGA,UGA
253,Uganda,346,21,8,226,800,285,UG,UGA,UGA
254,Ukraine,488,19,4,230,804,85,UA,UKR,UKR
254,Ukraine,489,20,4,230,804,85,UA,UKR,UKR
254,Ukraine,524,19,3,230,804,85,UA,UKR,UKR
254,Ukraine,525,20,3,230,804,85,UA,UKR,UKR
255,United Arab Emirates,419,22,6,225,784,576,AE,ARE,ARE
255,United Arab Emirates,420,23,6,225,784,576,AE,ARE,ARE
257,United Republic of Tanzania,274,21,10,215,834,282,TZ,TZA,TZA
257,United Republic of Tanzania,309,20,9,215,834,282,TZ,TZA,TZA
257,United Republic of Tanzania,310,21,9,215,834,282,TZ,TZA,TZA
259,United States of America,364,3,7,231,840,302,US,USA,USA
259,United States of America,399,2,6,231,840,302,US,USA,USA
259,United States of America,400,3,6,231,840,302,US,USA,USA
259,United States of America,405,8,6,231,840,302,US,USA,USA
259,United States of America,406,9,6,231,840,302,US,USA,USA
259,United States of America,407,10,6,231,840,302,US,USA,USA
259,United States of America,441,8,5,231,840,302,US,USA,USA
259,United States of America,442,9,5,231,840,302,US,USA,USA
259,United States of America,443,10,5,231,840,302,US,USA,USA
259,United States of America,444,11,5,231,840,302,US,USA,USA
259,United States of America,445,12,5,231,840,302,US,USA,USA
259,United States of America,477,8,4,231,840,302,US,USA,USA
259,United States of America,478,9,4,231,840,302,US,USA,USA
259,United States of America,479,10,4,231,840,302,US,USA,USA
259,United States of America,480,11,4,231,840,302,US,USA,USA
259,United States of America,481,12,4,231,840,302,US,USA,USA
259,United States of America,482,13,4,231,840,302,US,USA,USA
259,United States of America,511,6,3,231,840,302,US,USA,USA
259,United States of America,512,7,3,231,840,302,US,USA,USA
259,United States of America,513,8,3,231,840,302,US,USA,USA
259,United States of America,514,9,3,231,840,302,US,USA,USA
259,United States of America,515,10,3,231,840,302,US,USA,USA
259,United States of America,516,11,3,231,840,302,US,USA,USA
259,United States of America,533,28,3,231,840,302,US,USA,USA
259,United States of America,534,29,3,231,840,302,US,USA,USA
259,United States of America,550,9,2,231,840,302,US,USA,USA
259,United States of America,551,10,2,231,840,302,US,USA,USA
259,United States of America,552,11,2,231,840,302,US,USA,USA
259,United States of America,553,12,2,231,840,302,US,USA,USA
259,United States of America,554,13,2,231,840,302,US,USA,USA
259,United States of America,589,12,1,231,840,302,US,USA,USA
259,United States of America,590,13,1,231,840,302,US,USA,USA
258,United States Virgin Islands,372,11,7,240,850,,VI,VIR,USA
260,Uruguay,194,13,12,234,858,460,UY,URY,URY
261,Uzbekistan,455,22,5,235,860,617,UZ,UZB,UZB
261,Uzbekistan,456,23,5,235,860,617,UZ,UZB,UZB
261,Uzbekistan,490,21,4,235,860,617,UZ,UZB,UZB
261,Uzbekistan,491,22,4,235,860,617,UZ,UZB,UZB
261,Uzbekistan,492,23,4,235,860,617,UZ,UZB,UZB
262,Vanuatu,250,33,11,155,548,854,VU,VUT,VUT
262,Vanuatu,286,33,10,155,548,854,VU,VUT,VUT
262,Vanuatu,287,34,10,155,548,854,VU,VUT,VUT
263,Venezuela,335,10,8,236,862,463,VE,VEN,VEN
263,Venezuela,336,11,8,236,862,463,VE,VEN,VEN
263,Venezuela,337,12,8,236,862,463,VE,VEN,VEN
263,Venezuela,371,10,7,236,862,463,VE,VEN,VEN
263,Venezuela,372,11,7,236,862,463,VE,VEN,VEN
264,Viet Nam,353,28,8,237,704,769,VN,VNM,VNM
264,Viet Nam,388,27,7,237,704,769,VN,VNM,VNM
264,Viet Nam,389,28,7,237,704,769,VN,VNM,VNM
264,Viet Nam,424,27,6,237,704,769,VN,VNM,VNM
264,Viet Nam,425,28,6,237,704,769,VN,VNM,VNM
265,Wake Island,394,33,7,242,,,WK,WAK,USA
266,Wallis and Futuna,253,0,10,243,876,876,WF,WLF,FRA
267,West Bank,453,20,5,245,275,550,,,XXX
267,West Bank,454,21,5,245,275,550,,,XXX
268,Western Sahara,413,16,6,205,732,,EH,ESH,XXX
268,Western Sahara,414,17,6,205,732,,EH,ESH,XXX
269,Yemen,383,22,7,249,887,580,YE,YEM,YEM
269,Yemen,384,23,7,249,887,580,YE,YEM,YEM
270,Zambia,273,20,10,251,894,288,ZM,ZMB,ZMB
270,Zambia,274,21,10,251,894,288,ZM,ZMB,ZMB
270,Zambia,309,20,9,251,894,288,ZM,ZMB,ZMB
270,Zambia,310,21,9,251,894,288,ZM,ZMB,ZMB
271,Zimbabwe,237,20,11,181,716,265,ZW,ZWE,ZWE
271,Zimbabwe,238,21,11,181,716,265,ZW,ZWE,ZWE
271,Zimbabwe,273,20,10,181,716,265,ZW,ZWE,ZWE
271,Zimbabwe,274,21,10,181,716,265,ZW,ZWE,ZWE